Amount of features,MSE,Rate,Depth,Eta,Gamma,Lambda,Alpha
4.0,77.84698803857205,0.05,7.0,0.1,0.0,1.0,0.04
5.0,64.31281746822401,0.15,6.0,0.1,0.0,1.0,0.1
